<beans:beans xmlns="http://www.springframework.org/schema/security"
	xmlns:beans="http://www.springframework.org/schema/beans" xmlns:xsi="http://www.w3.org/2001/XMLSchema-instance"
	xsi:schemaLocation="http://www.springframework.org/schema/beans
	http://www.springframework.org/schema/beans/spring-beans-4.0.xsd
	http://www.springframework.org/schema/security
	http://www.springframework.org/schema/security/spring-security-3.2.xsd">

	<!-- enable use-expressions -->
	<http auto-config="true" >
		<intercept-url pattern="/admin**" access="ROLE_ADMIN" />
		<intercept-url pattern="/admin/**" access="ROLE_ADMIN" />


		<access-denied-handler error-page="/main/403.html" />
		
		<form-login login-page="/main.html" default-target-url="/main/welcome.html"
			authentication-failure-url="/main/login.html?error"
			username-parameter="username" password-parameter="password" />
		<logout logout-success-url="/main/login.html?logout" />
		<csrf />
	</http>

	<!-- Select users and user_roles from database -->
	<authentication-manager>
		<authentication-provider>
			<jdbc-user-service data-source-ref="dataSource"
 
		   users-by-username-query=
		   "select user_name,pass_word,enabled from user where user_name=?"
 
		   authorities-by-username-query=
		   "select u.user_name,r.role_name from user u, user_role r where user_name=? and u.role_id=r.id"
 
			/>
		</authentication-provider>
	</authentication-manager>
	
	<!-- <authentication-manager> -->
<!--   <authentication-provider> -->
<!--     <user-service> -->
<!-- 	<user name="mkyong" password="123456" authorities="ROLE_USER" /> -->
<!-- 	<user name="admin" password="123456" authorities="ROLE_ADMIN" /> -->
<!-- 	<user name="dba" password="123456" authorities="ROLE_DBA" /> -->
<!--     </user-service> -->
<!--   </authentication-provider> -->
<!-- </authentication-manager> -->

</beans:beans>